country,centre_name,city_or_region,oeci_category_or_status,centre_model,oncology_scope,specialization_tags,address,website,beds_total,oncology_beds,beds_scope,activity_or_scale,profile_enriched,profile_source_url,directory_source_url,data_notes
Austria,Comprehensive Cancer Center Vienna,Vienna,In Accreditation,Dedicated or institution-level cancer centre/institute,Oncology programme; OECI accreditation/designation in progress,Multidisciplinary oncology; tumour boards; translational research; tumour-specific units,"Spitalgasse 23, BT 86, Ebene 01, 1090 Vienna",http://www.ccc.ac.at,,,,"25+ interdisciplinary tumour boards; ~14,000 therapy recommendations/year",yes,https://www.oeci.eu/Istitute.aspx?id=79,https://accreditation.oeci.eu/certified-centres/,Detailed fields taken from current OECI member profile; bed figures only included when explicitly stated.
Belgium,Leuven Cancer Institute,Leuven,Comprehensive Cancer Centre,Dedicated or institution-level cancer centre/institute,"Comprehensive multidisciplinary cancer care, research and education",Prevention; early detection; targeted treatment; supportive care; proton therapy; multi-tumour board; clinical studies,"Herestraat 49, 3000 Leuven",https://www.kuleuven.be/kankerinstituut/en/,,,,,yes,https://oeci.eu/Istitute.aspx?id=151,https://accreditation.oeci.eu/certified-centres/,Detailed fields taken from current OECI member profile; bed figures only included when explicitly stated.
Belgium,Kortrijk Cancer Centre AZ Groeninge,Kortrijk,Cancer Centre,Dedicated or institution-level cancer centre/institute,Multidisciplinary cancer care with oncology-specific services,Medical oncology; haematology; radiotherapy; robotic surgery; pancreatic surgery; PSMA therapy; HIPEC; breast; geriatric; gynaecological; neuro-oncology,"Pres. Kennedylaan 4, 8500 Kortrijk",http://www.azgroeninge.be,1046,,Whole az groeninge hospital facility,,yes,https://oeci.eu/Istitute.aspx?id=93,https://accreditation.oeci.eu/certified-centres/,Detailed fields taken from current OECI member profile; bed figures only included when explicitly stated.
Belgium,Institute Jules Bordet,Brussels,Comprehensive Cancer Centre,Dedicated or institution-level cancer centre/institute,"Comprehensive multidisciplinary cancer care, research and education",Full-spectrum oncology; breast cancer; melanoma; cell therapy; leukaemia; translational research,"90 rue Meylemeersch, 1070 Anderlecht (Brussels)",http://www.bordet.be,,250,Cancer institute,"~6,000 hospitalised patients/year; ~78,000 outpatient consultations/year; ~13,500 outpatient treatments/year",yes,https://oeci.eu/Istitute.aspx?id=2,https://accreditation.oeci.eu/certified-centres/,Detailed fields taken from current OECI member profile; bed figures only included when explicitly stated.
Cyprus,Bank of Cyprus Oncology Centre,Nicosia,In Accreditation,Dedicated or institution-level cancer centre/institute,Oncology programme; OECI accreditation/designation in progress,,,,,,,,no,,https://accreditation.oeci.eu/certified-centres/,City/region added pragmatically; detailed profile fields not collected in this quick enrichment pass.
Cyprus,German Oncology Center,Limassol,In Accreditation,Dedicated or institution-level cancer centre/institute,Oncology programme; OECI accreditation/designation in progress,Personalised medical oncology; advanced molecular imaging; high-precision radiotherapy; radiomics/AI; biomarkers; clinical trials,"Leoforos Nikis 1, 4108 Agios Athanasios Limassol",https://www.goc.com.cy/,,,,600+ employees,yes,https://www.oeci.eu/Istitute.aspx?id=154,https://accreditation.oeci.eu/certified-centres/,Detailed fields taken from current OECI member profile; bed figures only included when explicitly stated.
Czechia,Masaryk Memorial Cancer Institute,Brno,Comprehensive Cancer Centre,Dedicated or institution-level cancer centre/institute,"Comprehensive multidisciplinary cancer care, research and education",Solid tumours; robotic surgery; theranostics; precision oncology; radiotherapy; phase I trials,"Zluty kopec 7, 656 53 Brno",http://www.mou.cz,,220,220 inpatient beds; additionally 44 day-care beds,"~5,000 newly diagnosed patients start treatment/year; ~5,500 surgeries/year",yes,https://oeci.eu/Istitute.aspx?id=4,https://accreditation.oeci.eu/certified-centres/,Detailed fields taken from current OECI member profile; bed figures only included when explicitly stated.
Denmark,Copenhagen Comprehensive Cancer Centre (Rigshospitalet & Herlev-Gentofte Hospital),Copenhagen,In Accreditation,Cancer centre/programme within hospital or academic medical centre,Oncology programme; OECI accreditation/designation in progress,All organ systems; phase I oncology; cancer immunotherapy/TIL; personalised medicine; radiotherapy; translational research; AI/RWE,"Section 5073, Blegdamsvej 9, 2100 Copenhagen",https://www.rigshospitalet.dk,,,,Rigshospitalet oncology phase I facility reports 50+ ongoing trials,yes,https://oeci.eu/Istitute.aspx?id=160,https://accreditation.oeci.eu/certified-centres/,Detailed fields taken from current OECI member profile; bed figures only included when explicitly stated.
Denmark,Aarhus University Hospital Comprehensive Cancer Centre,Aarhus,Comprehensive Cancer Centre,Cancer centre/programme within hospital or academic medical centre,"Comprehensive multidisciplinary cancer care, research and education",,,,,,,,no,,https://accreditation.oeci.eu/certified-centres/,City/region added pragmatically; detailed profile fields not collected in this quick enrichment pass.
Denmark,Vejle Cancer Centre – The Patients’ Cancer Hospital part of Lillebaelt Hospital,Vejle,Cancer Centre,Cancer centre/programme within hospital or academic medical centre,Multidisciplinary cancer care with oncology-specific services,,,,,,,,no,,https://accreditation.oeci.eu/certified-centres/,City/region added pragmatically; detailed profile fields not collected in this quick enrichment pass.
Estonia,Tartu University Hospital,Tartu,Cancer Centre,Cancer centre/programme within hospital or academic medical centre,Multidisciplinary cancer care with oncology-specific services,,,,,,,,no,,https://accreditation.oeci.eu/certified-centres/,City/region added pragmatically; detailed profile fields not collected in this quick enrichment pass.
Finland,Cancer Center of Kuopio University Hospital,Kuopio,Cancer Centre,Cancer centre/programme within hospital or academic medical centre,Multidisciplinary cancer care with oncology-specific services,,,,,,,,no,,https://accreditation.oeci.eu/certified-centres/,City/region added pragmatically; detailed profile fields not collected in this quick enrichment pass.
Finland,Turku University Hospital Cancer Centre,Turku,Cancer Centre,Cancer centre/programme within hospital or academic medical centre,Multidisciplinary cancer care with oncology-specific services,Cancer surgery; haematology/stem-cell transplant; medical oncology; radiotherapy; PET diagnostics; palliative care; phase I–III trials,"Hämeentie 11 PL 52, 20521 Turku",https://www.tyks.fi/,,,,"Medical oncology ~7,000 patients/year; ~30,000 radiotherapy treatments/year; 10 linacs across the network",yes,https://oeci.eu/Istitute.aspx?id=96,https://accreditation.oeci.eu/certified-centres/,Detailed fields taken from current OECI member profile; bed figures only included when explicitly stated.
Finland,TAYS Cancer Centre Tampere University Hospital,Tampere,Cancer Centre,Cancer centre/programme within hospital or academic medical centre,Multidisciplinary cancer care with oncology-specific services,Prostate; brain tumours; childhood acute leukaemia; colorectal; pancreatic; gynaecological cancers; ctDNA; RNAomics,"P.O. Box 2000 (Research Services), 33521 Tampere",https://www.pirha.fi/fi/palvelut/sairaalat-tays/syopa,,,,100+ ongoing clinical cancer trials,yes,https://oeci.eu/Istitute.aspx?id=97,https://accreditation.oeci.eu/certified-centres/,Detailed fields taken from current OECI member profile; bed figures only included when explicitly stated.
Finland,Helsinki University Hospital Comprehensive Cancer Center,Helsinki,Comprehensive Cancer Centre,Cancer centre/programme within hospital or academic medical centre,"Comprehensive multidisciplinary cancer care, research and education",All cancer types; haematology; breast surgery; medical oncology; radiotherapy; palliative care; BNCT; precision medicine,"P.O. Box 180 (Haartmaninkatu 4), FI-00029 HUS Helsinki",http://www.hus.fi,,,,"Almost 40,000 patients/year, ~15,000 new; ~700 healthcare professionals",yes,https://oeci.eu/Istitute.aspx?id=64,https://accreditation.oeci.eu/certified-centres/,Detailed fields taken from current OECI member profile; bed figures only included when explicitly stated.
France,Institut du Cancer – AP-HP. Université Paris-Saclay,Paris region,In Accreditation,Dedicated or institution-level cancer centre/institute,Oncology programme; OECI accreditation/designation in progress,,,,,,,,no,,https://accreditation.oeci.eu/certified-centres/,City/region added pragmatically; detailed profile fields not collected in this quick enrichment pass.
France,Institut Sainte Catherine,Avignon,In Accreditation,Dedicated or institution-level cancer centre/institute,Oncology programme; OECI accreditation/designation in progress,,,,,,,,no,,https://accreditation.oeci.eu/certified-centres/,City/region added pragmatically; detailed profile fields not collected in this quick enrichment pass.
France,Institut de Cancérologie de Lorraine,Vandœuvre-lès-Nancy,In Accreditation,Dedicated or institution-level cancer centre/institute,Oncology programme; OECI accreditation/designation in progress,,,,,,,,no,,https://accreditation.oeci.eu/certified-centres/,City/region added pragmatically; detailed profile fields not collected in this quick enrichment pass.
France,Institut Godinot,Reims,In Accreditation,Dedicated or institution-level cancer centre/institute,Oncology programme; OECI accreditation/designation in progress,,,,,,,,no,,https://accreditation.oeci.eu/certified-centres/,City/region added pragmatically; detailed profile fields not collected in this quick enrichment pass.
France,Institut Universitaire du Cancer Henri-Mondor,Créteil,In Accreditation,Dedicated or institution-level cancer centre/institute,Oncology programme; OECI accreditation/designation in progress,,,,,,,,no,,https://accreditation.oeci.eu/certified-centres/,City/region added pragmatically; detailed profile fields not collected in this quick enrichment pass.
France,Centre Georges François Leclerc,Dijon,In Accreditation,Cancer centre/programme,Oncology programme; OECI accreditation/designation in progress,,,,,,,,no,,https://accreditation.oeci.eu/certified-centres/,City/region added pragmatically; detailed profile fields not collected in this quick enrichment pass.
France,Centre Antoine Lacassagne,Nice,Cancer Centre,Cancer centre/programme,Multidisciplinary cancer care with oncology-specific services,All cancers; proton therapy; radiotherapy; head & neck; breast/gynaecological; paediatric radiotherapy; phase I research,"33 Avenue de Valombrose, 06189 Nice Cedex 2",https://www.centreantoinelacassagne.org,,,,"~6,000 new patients/year; ~200 paediatric proton/radiotherapy cases/year reported",yes,https://oeci.eu/Istitute.aspx?id=180,https://accreditation.oeci.eu/certified-centres/,Detailed fields taken from current OECI member profile; bed figures only included when explicitly stated.
France,Institut Bergonié,Bordeaux,Comprehensive Cancer Centre,Dedicated or institution-level cancer centre/institute,"Comprehensive multidisciplinary cancer care, research and education",Comprehensive oncology; radiotherapy; chemotherapy; early-phase trials; targeted therapies; translational research,"229 cours de l’Argonne - CS 61283, 33076 Bordeaux Cedex",https://www.bergonie.fr/,,,,"1,000+ employees; 100+ physicians",yes,https://oeci.eu/Istitute.aspx?id=165,https://accreditation.oeci.eu/certified-centres/,Detailed fields taken from current OECI member profile; bed figures only included when explicitly stated.
France,Institut du Cancer de Montpellier,Montpellier,Comprehensive Cancer Centre,Dedicated or institution-level cancer centre/institute,"Comprehensive multidisciplinary cancer care, research and education",Comprehensive oncology; personalised care; surgery; MR-guided radiotherapy; clinical/translational research,"208 Rue des Apothicaires, Parc Euromédecine, 34298 Montpellier Cedex 5",http://www.icm.unicancer.fr/fr,,,,6 linear accelerators; 9 operating rooms; 2 Da Vinci systems; 250+ researchers,yes,https://oeci.eu/Istitute.aspx?id=113,https://accreditation.oeci.eu/certified-centres/,Detailed fields taken from current OECI member profile; bed figures only included when explicitly stated.
France,Centre Oscar Lambret,Lille,Comprehensive Cancer Centre,Cancer centre/programme,"Comprehensive multidisciplinary cancer care, research and education",,,,,,,,no,,https://accreditation.oeci.eu/certified-centres/,City/region added pragmatically; detailed profile fields not collected in this quick enrichment pass.
France,Gustave Roussy,Villejuif,Comprehensive Cancer Centre,Cancer centre/programme,"Comprehensive multidisciplinary cancer care, research and education",All cancers; rare and complex tumours; personalised medicine; immunotherapy; DNA repair; AI; translational research,"114 rue Edouard Vaillant, 94805 Villejuif Cedex",http://www.gustaveroussy.fr,,,,,yes,https://oeci.eu/Istitute.aspx?id=10,https://accreditation.oeci.eu/certified-centres/,Detailed fields taken from current OECI member profile; bed figures only included when explicitly stated.
France,Cancer Institute AP-HP. Nord – Université Paris Cité,Paris,Comprehensive Cancer Centre,Dedicated or institution-level cancer centre/institute,"Comprehensive multidisciplinary cancer care, research and education",,,,,,,,no,,https://accreditation.oeci.eu/certified-centres/,City/region added pragmatically; detailed profile fields not collected in this quick enrichment pass.
France,Assistance Publique – Hôpitaux de Paris Institut Universitaire de Cancérologie APHP. Sorbonne Université,Paris,Comprehensive Cancer Centre,Dedicated or institution-level cancer centre/institute,"Comprehensive multidisciplinary cancer care, research and education",,,,,,,,no,,https://accreditation.oeci.eu/certified-centres/,City/region added pragmatically; detailed profile fields not collected in this quick enrichment pass.
France,Centre Jean Perrin,Clermont-Ferrand,Comprehensive Cancer Centre,Cancer centre/programme,"Comprehensive multidisciplinary cancer care, research and education",,,,,,,,no,,https://accreditation.oeci.eu/certified-centres/,City/region added pragmatically; detailed profile fields not collected in this quick enrichment pass.
France,Centre Henri Becquerel,Rouen,Comprehensive Cancer Centre,Cancer centre/programme,"Comprehensive multidisciplinary cancer care, research and education",,,,,,,,no,,https://accreditation.oeci.eu/certified-centres/,City/region added pragmatically; detailed profile fields not collected in this quick enrichment pass.
France,Centre de lutte contre le cancer Eugène Marquis,Rennes,Comprehensive Cancer Centre,Cancer centre/programme,"Comprehensive multidisciplinary cancer care, research and education",,,,,,,,no,,https://accreditation.oeci.eu/certified-centres/,City/region added pragmatically; detailed profile fields not collected in this quick enrichment pass.
France,Institut de Cancérologie de l’Ouest,Nantes / Angers,Comprehensive Cancer Centre,Dedicated or institution-level cancer centre/institute,"Comprehensive multidisciplinary cancer care, research and education",,,,,,,,no,,https://accreditation.oeci.eu/certified-centres/,City/region added pragmatically; detailed profile fields not collected in this quick enrichment pass.
France,Association Toulousaine d’Oncologie Publique (ATOP),Toulouse,Comprehensive Cancer Network,Multi-hospital cancer network,Regional/multi-site comprehensive oncology network,,,,,,,,no,,https://accreditation.oeci.eu/certified-centres/,City/region added pragmatically; detailed profile fields not collected in this quick enrichment pass.
France,Institut du Cancer Paris CARPEM AP-HP. Centre – Université Paris Cité,Paris,Comprehensive Cancer Centre,Dedicated or institution-level cancer centre/institute,"Comprehensive multidisciplinary cancer care, research and education",,,,,,,,no,,https://accreditation.oeci.eu/certified-centres/,City/region added pragmatically; detailed profile fields not collected in this quick enrichment pass.
France,Centre Francois Baclesse,Caen,Comprehensive Cancer Centre,Cancer centre/programme,"Comprehensive multidisciplinary cancer care, research and education",,,,,,,,no,,https://accreditation.oeci.eu/certified-centres/,City/region added pragmatically; detailed profile fields not collected in this quick enrichment pass.
France,Institut Universitaire du Cancer Toulouse Oncopole,Toulouse,Comprehensive Cancer Centre,Dedicated or institution-level cancer centre/institute,"Comprehensive multidisciplinary cancer care, research and education",,,,,,,,no,,https://accreditation.oeci.eu/certified-centres/,City/region added pragmatically; detailed profile fields not collected in this quick enrichment pass.
France,Institut Paoli Calmettes,Marseille,Comprehensive Cancer Centre,Dedicated or institution-level cancer centre/institute,"Comprehensive multidisciplinary cancer care, research and education",,,,,,,,no,,https://accreditation.oeci.eu/certified-centres/,City/region added pragmatically; detailed profile fields not collected in this quick enrichment pass.
France,Centre Léon Bérard,Lyon,Comprehensive Cancer Centre,Cancer centre/programme,"Comprehensive multidisciplinary cancer care, research and education",,,,,,,,no,,https://accreditation.oeci.eu/certified-centres/,City/region added pragmatically; detailed profile fields not collected in this quick enrichment pass.
France,Institut Curie,Paris / Saint-Cloud,Comprehensive Cancer Centre,Dedicated or institution-level cancer centre/institute,"Comprehensive multidisciplinary cancer care, research and education",All cancers including rare cancers; oncology research; radiobiology; diagnostics; clinical and translational research,"26 Rue d’Ulm, 75278 Paris Cedex 5",http://www.curie.fr,,,,"3 sites; ~3,800 staff; ~1,200 researchers in 86 research teams",yes,https://oeci.eu/Istitute.aspx?id=6,https://accreditation.oeci.eu/certified-centres/,Detailed fields taken from current OECI member profile; bed figures only included when explicitly stated.
Greece,General Oncology Hospital of Athens “Saint Savvas”,Athens,Cancer Centre,Cancer centre/programme within hospital or academic medical centre,Multidisciplinary cancer care with oncology-specific services,,,,,,,,no,,https://accreditation.oeci.eu/certified-centres/,City/region added pragmatically; detailed profile fields not collected in this quick enrichment pass.
Hungary,National Institute of Oncology,Budapest,Comprehensive Cancer Centre,Dedicated or institution-level cancer centre/institute,"Comprehensive multidisciplinary cancer care, research and education",,,,,,,,no,,https://accreditation.oeci.eu/certified-centres/,City/region added pragmatically; detailed profile fields not collected in this quick enrichment pass.
Ireland,"University Hospital Limerick, Mid-Western Cancer Centre",Limerick,In Accreditation,Cancer centre/programme within hospital or academic medical centre,Oncology programme; OECI accreditation/designation in progress,,,,,,,,no,,https://accreditation.oeci.eu/certified-centres/,City/region added pragmatically; detailed profile fields not collected in this quick enrichment pass.
Ireland,The Mater Misericordiae University Hospital,Dublin,In Accreditation,Cancer centre/programme within hospital or academic medical centre,Oncology programme; OECI accreditation/designation in progress,,,,,,,,no,,https://accreditation.oeci.eu/certified-centres/,City/region added pragmatically; detailed profile fields not collected in this quick enrichment pass.
Ireland,St Vincent’s UCD Cancer Centre,Dublin,Cancer Centre,Dedicated or institution-level cancer centre/institute,Multidisciplinary cancer care with oncology-specific services,,,,,,,,no,,https://accreditation.oeci.eu/certified-centres/,City/region added pragmatically; detailed profile fields not collected in this quick enrichment pass.
Ireland,Cork University Hospital/University College Cork,Cork,Cancer Centre,Cancer centre/programme within hospital or academic medical centre,Multidisciplinary cancer care with oncology-specific services,,,,,,,,no,,https://accreditation.oeci.eu/certified-centres/,City/region added pragmatically; detailed profile fields not collected in this quick enrichment pass.
Ireland,"HSE West North West, University of Galway Cancer Centre",Galway,Cancer Centre,Dedicated or institution-level cancer centre/institute,Multidisciplinary cancer care with oncology-specific services,,,,,,,,no,,https://accreditation.oeci.eu/certified-centres/,City/region added pragmatically; detailed profile fields not collected in this quick enrichment pass.
Ireland,Beaumont RCSI Cancer Centre,Dublin,Cancer Centre,Dedicated or institution-level cancer centre/institute,Multidisciplinary cancer care with oncology-specific services,,,,,,,,no,,https://accreditation.oeci.eu/certified-centres/,City/region added pragmatically; detailed profile fields not collected in this quick enrichment pass.
Ireland,Trinity St. James’s Cancer Institute,Dublin,Comprehensive Cancer Centre,Dedicated or institution-level cancer centre/institute,"Comprehensive multidisciplinary cancer care, research and education",,,,,,,,no,,https://accreditation.oeci.eu/certified-centres/,City/region added pragmatically; detailed profile fields not collected in this quick enrichment pass.
Italy,Fondazione PoliAmbulanza Istituto Ospedaliero,Brescia,In Accreditation,Cancer centre/programme,Oncology programme; OECI accreditation/designation in progress,,,,,,,,no,,https://accreditation.oeci.eu/certified-centres/,City/region added pragmatically; detailed profile fields not collected in this quick enrichment pass.
Italy,Fondazione IRCCS Policlinico San Matteo,Pavia,In Accreditation,Cancer centre/programme,Oncology programme; OECI accreditation/designation in progress,,,,,,,,no,,https://accreditation.oeci.eu/certified-centres/,City/region added pragmatically; detailed profile fields not collected in this quick enrichment pass.
Italy,ASST Spedali Civili di Brescia,Brescia,Comprehensive Cancer Centre,Cancer centre/programme,"Comprehensive multidisciplinary cancer care, research and education",,,,,,,,no,,https://accreditation.oeci.eu/certified-centres/,City/region added pragmatically; detailed profile fields not collected in this quick enrichment pass.
Italy,Ospedale San Raffaele,Milan,Comprehensive Cancer Centre,Cancer centre/programme within hospital or academic medical centre,"Comprehensive multidisciplinary cancer care, research and education",,,,,,,,no,,https://accreditation.oeci.eu/certified-centres/,City/region added pragmatically; detailed profile fields not collected in this quick enrichment pass.
Italy,Istituto Oncologico del Mediterraneo s.p.a.,Viagrande (Catania),In Accreditation,Dedicated or institution-level cancer centre/institute,Oncology programme; OECI accreditation/designation in progress,,,,,,,,no,,https://accreditation.oeci.eu/certified-centres/,City/region added pragmatically; detailed profile fields not collected in this quick enrichment pass.
Italy,IRCCS Ospedale Sacro Cuore Don Calabria,Negrar di Valpolicella,Cancer Centre,Cancer centre/programme,Multidisciplinary cancer care with oncology-specific services,,,,,,,,no,,https://accreditation.oeci.eu/certified-centres/,City/region added pragmatically; detailed profile fields not collected in this quick enrichment pass.
Italy,IRCCS Centro di Riferimento Oncologico della Basilicata,Rionero in Vulture,Cancer Centre,Dedicated or institution-level cancer centre/institute,Multidisciplinary cancer care with oncology-specific services,,,,,,,,no,,https://accreditation.oeci.eu/certified-centres/,City/region added pragmatically; detailed profile fields not collected in this quick enrichment pass.
Italy,"Istituto Tumori Giovanni Paolo II, Istituto di Ricovero e Cura a Carattere Scientifico",Bari,Cancer Centre,Cancer centre/programme,Multidisciplinary cancer care with oncology-specific services,,,,,,,,no,,https://accreditation.oeci.eu/certified-centres/,City/region added pragmatically; detailed profile fields not collected in this quick enrichment pass.
Italy,Candiolo Cancer Institute FPO-IRCCS,Candiolo (Turin),Comprehensive Cancer Centre,Dedicated or institution-level cancer centre/institute,"Comprehensive multidisciplinary cancer care, research and education",,,,,,,,no,,https://accreditation.oeci.eu/certified-centres/,City/region added pragmatically; detailed profile fields not collected in this quick enrichment pass.
Italy,Humanitas Research Hospital,Rozzano (Milan),Comprehensive Cancer Centre,Cancer centre/programme within hospital or academic medical centre,"Comprehensive multidisciplinary cancer care, research and education",,,,,,,,no,,https://accreditation.oeci.eu/certified-centres/,City/region added pragmatically; detailed profile fields not collected in this quick enrichment pass.
Italy,Istituto Nazionale Tumori Regina Elena,Rome,Comprehensive Cancer Centre,Cancer centre/programme,"Comprehensive multidisciplinary cancer care, research and education",,,,,,,,no,,https://accreditation.oeci.eu/certified-centres/,City/region added pragmatically; detailed profile fields not collected in this quick enrichment pass.
Italy,Istituto Nazionale Tumori – IRCCS “Fondazione G.Pascale”,Naples,Comprehensive Cancer Centre,Cancer centre/programme,"Comprehensive multidisciplinary cancer care, research and education",,,,,,,,no,,https://accreditation.oeci.eu/certified-centres/,City/region added pragmatically; detailed profile fields not collected in this quick enrichment pass.
Italy,IRCCS Ospedale Policlinico San Martino,Genoa,Comprehensive Cancer Centre,Cancer centre/programme,"Comprehensive multidisciplinary cancer care, research and education",,,,,,,,no,,https://accreditation.oeci.eu/certified-centres/,City/region added pragmatically; detailed profile fields not collected in this quick enrichment pass.
Italy,Istituto Oncologico Veneto IRCCS-IOV,Padua,Comprehensive Cancer Centre,Dedicated or institution-level cancer centre/institute,"Comprehensive multidisciplinary cancer care, research and education",,,,,,,,no,,https://accreditation.oeci.eu/certified-centres/,City/region added pragmatically; detailed profile fields not collected in this quick enrichment pass.
Italy,Fondazione IRCCS – Istituto Nazionale dei Tumori di Milano,Milan,Comprehensive Cancer Centre,Cancer centre/programme,"Comprehensive multidisciplinary cancer care, research and education",Comprehensive cancer care; molecular oncology; inherited susceptibility; targeted agents; immunology; epidemiology; clinical trials,"Via Giacomo Venezian 1, 20133 Milano",http://www.istitutotumori.mi.it,,,,,yes,https://oeci.eu/Istitute.aspx?id=20,https://accreditation.oeci.eu/certified-centres/,Detailed fields taken from current OECI member profile; bed figures only included when explicitly stated.
Italy,Azienda Unità Sanitaria Locale di Reggio Emilia – IRCCS Istituto in Tecnologie Avanzate e Modelli Assistenziali in Oncologia,Reggio Emilia,Comprehensive Cancer Centre,Cancer centre/programme,"Comprehensive multidisciplinary cancer care, research and education",,,,,,,,no,,https://accreditation.oeci.eu/certified-centres/,City/region added pragmatically; detailed profile fields not collected in this quick enrichment pass.
Italy,"Centro di Riferimento Oncologico di Aviano (CRO), IRCCS",Aviano,Comprehensive Cancer Centre,Dedicated or institution-level cancer centre/institute,"Comprehensive multidisciplinary cancer care, research and education",,,,,,,,no,,https://accreditation.oeci.eu/certified-centres/,City/region added pragmatically; detailed profile fields not collected in this quick enrichment pass.
Italy,IEO European Institute of Oncology,Milan,Comprehensive Cancer Centre,Dedicated or institution-level cancer centre/institute,"Comprehensive multidisciplinary cancer care, research and education",Adult oncology; prevention; diagnosis; treatment; translational research; integrated tumour-specific clinical programmes,"Via Ripamonti 435, 20141 Milano",http://www.ieo.it/en,,,,,yes,https://oeci.eu/Istitute.aspx?id=19,https://accreditation.oeci.eu/certified-centres/,Detailed fields taken from current OECI member profile; bed figures only included when explicitly stated.
Latvia,Pauls Stradins Clinical University Hospital,Riga,In Accreditation,Cancer centre/programme within hospital or academic medical centre,Oncology programme; OECI accreditation/designation in progress,,,,,,,,no,,https://accreditation.oeci.eu/certified-centres/,City/region added pragmatically; detailed profile fields not collected in this quick enrichment pass.
Latvia,Riga East University Hospital,Riga,Cancer Centre,Cancer centre/programme within hospital or academic medical centre,Multidisciplinary cancer care with oncology-specific services,,,,,,,,no,,https://accreditation.oeci.eu/certified-centres/,City/region added pragmatically; detailed profile fields not collected in this quick enrichment pass.
Lithuania,Vilnius University Hospital Santaros Klinikos,Vilnius,In Accreditation,Cancer centre/programme within hospital or academic medical centre,Oncology programme; OECI accreditation/designation in progress,,,,,,,,no,,https://accreditation.oeci.eu/certified-centres/,City/region added pragmatically; detailed profile fields not collected in this quick enrichment pass.
Lithuania,National Cancer Institute,Vilnius,Cancer Centre,Dedicated or institution-level cancer centre/institute,Multidisciplinary cancer care with oncology-specific services,,,,,,,,no,,https://accreditation.oeci.eu/certified-centres/,City/region added pragmatically; detailed profile fields not collected in this quick enrichment pass.
Netherlands,Radboudumc Centre for Oncology,Nijmegen,In Accreditation,Cancer centre/programme within hospital or academic medical centre,Oncology programme; OECI accreditation/designation in progress,Rare/complex cancers; gynaecologic; breast; thoracic; prostate/bladder/kidney; hereditary cancer; immunotherapy; precision medicine; haematology,"Geert Grooteplein Zuid 10, P.O. Box 9101, 6500 HB Nijmegen",http://www.radboudumc.nl,,,,"~2,500 professionals across integrated oncology care, research and education",yes,https://www.oeci.eu/Istitute.aspx?id=89,https://accreditation.oeci.eu/certified-centres/,Detailed fields taken from current OECI member profile; bed figures only included when explicitly stated.
Netherlands,Erasmus MC Cancer Institute,Rotterdam,Comprehensive Cancer Centre,Dedicated or institution-level cancer centre/institute,"Comprehensive multidisciplinary cancer care, research and education",Virtually all cancer types; rare cancers; precision medicine; genomics; advanced imaging; early detection; personalised pathways,"Dr. Molenwaterplein 40, 3000 CA Rotterdam",https://www.erasmusmc.nl/en/cancer-institute/patient-care,,,,,yes,https://oeci.eu/Istitute.aspx?id=46,https://accreditation.oeci.eu/certified-centres/,Detailed fields taken from current OECI member profile; bed figures only included when explicitly stated.
Netherlands,Rijnstate,Arnhem,Cancer Centre,Cancer centre/programme within hospital or academic medical centre,Multidisciplinary cancer care with oncology-specific services,Breast; lung; gastric; colorectal; prostate; kidney; bladder; penile; thyroid cancers; haematology; robotic surgery; immunotherapy; palliative care,"Wagnerlaan 55, 6815 AD Arnhem",http://www.rijnstate.nl,,,,,yes,https://oeci.eu/Istitute.aspx?id=101,https://accreditation.oeci.eu/certified-centres/,Detailed fields taken from current OECI member profile; bed figures only included when explicitly stated.
Netherlands,OncoZON Cancer Network,Southeast Netherlands / Maastricht,Comprehensive Cancer Network,Multi-hospital cancer network,Regional/multi-site comprehensive oncology network,All cancer types across regional network; diagnostics; treatment; aftercare; preservation of function; translational research,"P. Debyelaan 25, 6229 HX Maastricht",https://www.oncozon.nl/,,,,~2 million population; 16 regional tumour groups; 120+ clinical studies,yes,https://oeci.eu/Istitute.aspx?id=144,https://accreditation.oeci.eu/certified-centres/,Detailed fields taken from current OECI member profile; bed figures only included when explicitly stated.
Netherlands,University Medical Center Groningen Comprehensive Cancer Center (UMCG-CCC),Groningen,Comprehensive Cancer Centre,Cancer centre/programme within hospital or academic medical centre,"Comprehensive multidisciplinary cancer care, research and education",Complex/innovative oncology; rare cancers; precision oncology; onco-immunology; proton therapy; CAR-T; image-guided surgery,"Hanzeplein 1, 9700 RB Groningen",http://www.umcg.nl,,,,3.5 million catchment; 15 multidisciplinary tumour teams; 17 rare-cancer centres of expertise,yes,https://oeci.eu/Istitute.aspx?id=107,https://accreditation.oeci.eu/certified-centres/,Detailed fields taken from current OECI member profile; bed figures only included when explicitly stated.
Netherlands,Maastricht University Medical Centre +,Maastricht,Comprehensive Cancer Centre,Cancer centre/programme within hospital or academic medical centre,"Comprehensive multidisciplinary cancer care, research and education",Multidisciplinary oncology; prevention; diagnostics; personalised therapy; survivorship/function preservation; translational research,"P. Debyelaan 25, 6229 HX Maastricht",https://www.mumc.nl,,,,"Almost 16,000 new cancer patients in 2023",yes,https://oeci.eu/Istitute.aspx?id=70,https://accreditation.oeci.eu/certified-centres/,Detailed fields taken from current OECI member profile; bed figures only included when explicitly stated.
Netherlands,Netherlands Cancer Institute,Amsterdam,Comprehensive Cancer Centre,Dedicated or institution-level cancer centre/institute,"Comprehensive multidisciplinary cancer care, research and education","Complex, rare and common tumours; precision medicine; immunotherapy; image-guided therapy; survivorship; early detection","Plesmanlaan 121, 1066 CX Amsterdam",http://www.nki.nl,,,,,yes,https://oeci.eu/Istitute.aspx?id=33,https://accreditation.oeci.eu/certified-centres/,Detailed fields taken from current OECI member profile; bed figures only included when explicitly stated.
Poland,Narodowy Instytut Onkologii im. Marii Skłodowskiej-Curie – Państwowy Instytut Badawczy Oddział w Gliwicach,Gliwice,In Accreditation,Cancer centre/programme,Oncology programme; OECI accreditation/designation in progress,,,,,,,,no,,https://accreditation.oeci.eu/certified-centres/,City/region added pragmatically; detailed profile fields not collected in this quick enrichment pass.
Poland,Narodowy Instytut Onkologii im. Marii Skłodowskiej-Curie Państwowy Instytut Badawczy,Warsaw,Comprehensive Cancer Centre,Cancer centre/programme,"Comprehensive multidisciplinary cancer care, research and education",,,,,,,,no,,https://accreditation.oeci.eu/certified-centres/,City/region added pragmatically; detailed profile fields not collected in this quick enrichment pass.
Portugal,"Instituto Português de Oncologia de Coimbra Francisco Gentil, E.P.E. (IPO-Coimbra)",Coimbra,Cancer Centre,Dedicated or institution-level cancer centre/institute,Multidisciplinary cancer care with oncology-specific services,,,,,,,,no,,https://accreditation.oeci.eu/certified-centres/,City/region added pragmatically; detailed profile fields not collected in this quick enrichment pass.
Portugal,"Instituto Português de Oncologia de Lisboa Francisco Gentil, E.P.E. (IPO-Lisboa)",Lisbon,Cancer Centre,Dedicated or institution-level cancer centre/institute,Multidisciplinary cancer care with oncology-specific services,,,,,,,,no,,https://accreditation.oeci.eu/certified-centres/,City/region added pragmatically; detailed profile fields not collected in this quick enrichment pass.
Portugal,"Instituto Português de Oncologia do Porto Francisco Gentil, E.P.E. (IPO-Porto)",Porto,Comprehensive Cancer Centre,Dedicated or institution-level cancer centre/institute,"Comprehensive multidisciplinary cancer care, research and education",Comprehensive oncology; robotic surgery; theranostics; radiotherapy/brachytherapy; precision oncology; early-phase trials,"Rua Dr. António Bernardino de Almeida, 4200-072 Porto",http://www.ipoporto.pt/en/,,351,Inpatient cancer institute beds,"10,000+ new patients/year; 12 operating rooms; 9 linacs; 60+ chemotherapy day-care chairs",yes,https://oeci.eu/Istitute.aspx?id=26,https://accreditation.oeci.eu/certified-centres/,Detailed fields taken from current OECI member profile; bed figures only included when explicitly stated.
Slovenia,Institute of Oncology Ljubljana,Ljubljana,Cancer Centre,Dedicated or institution-level cancer centre/institute,Multidisciplinary cancer care with oncology-specific services,,,,,,,,no,,https://accreditation.oeci.eu/certified-centres/,City/region added pragmatically; detailed profile fields not collected in this quick enrichment pass.
Spain,La Princesa University Hospital,Madrid,In Accreditation,Cancer centre/programme within hospital or academic medical centre,Oncology programme; OECI accreditation/designation in progress,,,,,,,,no,,https://accreditation.oeci.eu/certified-centres/,City/region added pragmatically; detailed profile fields not collected in this quick enrichment pass.
Spain,Fundació de Gestió Sanitària de l’Hospital de La Santa Creu i Sant Pau,Barcelona,In Accreditation,Cancer centre/programme within hospital or academic medical centre,Oncology programme; OECI accreditation/designation in progress,,,,,,,,no,,https://accreditation.oeci.eu/certified-centres/,City/region added pragmatically; detailed profile fields not collected in this quick enrichment pass.
Spain,HM CIOCC Centro Integral Oncológico Clara Campal,Madrid,In Accreditation,Cancer centre/programme,Oncology programme; OECI accreditation/designation in progress,,,,,,,,no,,https://accreditation.oeci.eu/certified-centres/,City/region added pragmatically; detailed profile fields not collected in this quick enrichment pass.
Spain,Hospital Clínico Universitario de Valencia (Departamento de Salud Clínico-Malvarrosa),Valencia,In Accreditation,Cancer centre/programme within hospital or academic medical centre,Oncology programme; OECI accreditation/designation in progress,,,,,,,,no,,https://accreditation.oeci.eu/certified-centres/,City/region added pragmatically; detailed profile fields not collected in this quick enrichment pass.
Spain,Hospital Universitario La Paz,Madrid,In Accreditation,Cancer centre/programme within hospital or academic medical centre,Oncology programme; OECI accreditation/designation in progress,,,,,,,,no,,https://accreditation.oeci.eu/certified-centres/,City/region added pragmatically; detailed profile fields not collected in this quick enrichment pass.
Spain,Hospital Universitario Ramón y Cajal,Madrid,In Accreditation,Cancer centre/programme within hospital or academic medical centre,Oncology programme; OECI accreditation/designation in progress,,,,,,,,no,,https://accreditation.oeci.eu/certified-centres/,City/region added pragmatically; detailed profile fields not collected in this quick enrichment pass.
Spain,Hospital General Universitatio Gregorio Maranon,Madrid,In Accreditation,Cancer centre/programme within hospital or academic medical centre,Oncology programme; OECI accreditation/designation in progress,,,,,,,,no,,https://accreditation.oeci.eu/certified-centres/,City/region added pragmatically; detailed profile fields not collected in this quick enrichment pass.
Spain,Hospital Universitario Puerta de Hierro Majadahonda,Majadahonda (Madrid),In Accreditation,Cancer centre/programme within hospital or academic medical centre,Oncology programme; OECI accreditation/designation in progress,,,,,,,,no,,https://accreditation.oeci.eu/certified-centres/,City/region added pragmatically; detailed profile fields not collected in this quick enrichment pass.
Spain,Institut d’Oncologia de la Catalunya Sud Hospital Universitari Sant Joan de Reus,Reus,In Accreditation,Cancer centre/programme within hospital or academic medical centre,Oncology programme; OECI accreditation/designation in progress,,,,,,,,no,,https://accreditation.oeci.eu/certified-centres/,City/region added pragmatically; detailed profile fields not collected in this quick enrichment pass.
Spain,Fundación Jiménez Díaz University Hospital,Madrid,Comprehensive Cancer Centre,Cancer centre/programme within hospital or academic medical centre,"Comprehensive multidisciplinary cancer care, research and education",,,,,,,,no,,https://accreditation.oeci.eu/certified-centres/,City/region added pragmatically; detailed profile fields not collected in this quick enrichment pass.
Spain,Hospital Clínico San Carlos,Madrid,In Accreditation,Cancer centre/programme within hospital or academic medical centre,Oncology programme; OECI accreditation/designation in progress,,,,,,,,no,,https://accreditation.oeci.eu/certified-centres/,City/region added pragmatically; detailed profile fields not collected in this quick enrichment pass.
Spain,12 Octubre University Hospital,Madrid,In Accreditation,Cancer centre/programme within hospital or academic medical centre,Oncology programme; OECI accreditation/designation in progress,,,,,,,,no,,https://accreditation.oeci.eu/certified-centres/,City/region added pragmatically; detailed profile fields not collected in this quick enrichment pass.
Spain,Clínic Barcelona Comprehensive Cancer Centre,Barcelona,Comprehensive Cancer Centre,Dedicated or institution-level cancer centre/institute,"Comprehensive multidisciplinary cancer care, research and education",Immunotherapy; cell therapy; prevention; hereditary cancer; genomics; breast; liver; haematological malignancies; clinical trials,"Carrer Villarroel 170, 08036 Barcelona",https://www.clinicbarcelona.org,,,,35+ cancer research groups; 500+ active clinical trials/year,yes,https://www.oeci.eu/Istitute.aspx?id=178,https://accreditation.oeci.eu/certified-centres/,Detailed fields taken from current OECI member profile; bed figures only included when explicitly stated.
Spain,Catalan Institute of Oncology,Barcelona region / multi-site,Comprehensive Cancer Centre,Dedicated or institution-level cancer centre/institute,"Comprehensive multidisciplinary cancer care, research and education",,,,,,,,no,,https://accreditation.oeci.eu/certified-centres/,City/region added pragmatically; detailed profile fields not collected in this quick enrichment pass.
Spain,Cancer Center Clínica Universidad de Navarra,Pamplona / Madrid,Comprehensive Cancer Centre,Dedicated or institution-level cancer centre/institute,"Comprehensive multidisciplinary cancer care, research and education",Onco-haematology; gynaecological; paediatric; respiratory; liver/digestive; immunotherapy; advanced therapies; radiobiomedicine; proton therapy,"Avenida Pio XII 36, 31008 Pamplona; Calle Marquesado de Santa Marta 1, 28027 Madrid",https://cancercenter.cun.es/,313,80,313 total hospital beds across cited profile; 80 for oncology patients,"3,000+ cancer patients/year; 100+ new clinical trials in last reported year",yes,https://oeci.eu/Istitute.aspx?id=164,https://accreditation.oeci.eu/certified-centres/,Detailed fields taken from current OECI member profile; bed figures only included when explicitly stated.
Spain,Vall d’Hebron Barcelona Campus Hospitalari,Barcelona,Comprehensive Cancer Centre,Cancer centre/programme within hospital or academic medical centre,"Comprehensive multidisciplinary cancer care, research and education",Cancer surgery; haematology; radiotherapy; medical oncology; paediatric onco-haematology; genomics; precision therapies; palliative care,"Passeig de la Vall d’Hebron 119-129, 08035 Barcelona",https://www.vallhebron.com/es,,,,,yes,https://oeci.eu/Istitute.aspx?id=138,https://accreditation.oeci.eu/certified-centres/,Detailed fields taken from current OECI member profile; bed figures only included when explicitly stated.
Spain,Fundación Instituto Valenciano de Oncología IVO,Valencia,Cancer Centre,Dedicated or institution-level cancer centre/institute,Multidisciplinary cancer care with oncology-specific services,,,,,,,,no,,https://accreditation.oeci.eu/certified-centres/,City/region added pragmatically; detailed profile fields not collected in this quick enrichment pass.
Sweden,University Hospital of Örebro,Örebro,In Accreditation,Cancer centre/programme within hospital or academic medical centre,Oncology programme; OECI accreditation/designation in progress,,,,,,,,no,,https://accreditation.oeci.eu/certified-centres/,City/region added pragmatically; detailed profile fields not collected in this quick enrichment pass.
Sweden,Stockholm Gotland Comprehensive Cancer Network – SGCCN,Stockholm / Gotland,In Accreditation,Multi-hospital cancer network,Oncology programme; OECI accreditation/designation in progress,,,,,,,,no,,https://accreditation.oeci.eu/certified-centres/,City/region added pragmatically; detailed profile fields not collected in this quick enrichment pass.
Sweden,University Hospital of Umeå,Umeå,In Accreditation,Cancer centre/programme within hospital or academic medical centre,Oncology programme; OECI accreditation/designation in progress,,,,,,,,no,,https://accreditation.oeci.eu/certified-centres/,City/region added pragmatically; detailed profile fields not collected in this quick enrichment pass.
Sweden,Linköping University Hospital Cancer Center,Linköping,Comprehensive Cancer Centre,Cancer centre/programme within hospital or academic medical centre,"Comprehensive multidisciplinary cancer care, research and education",,,,,,,,no,,https://accreditation.oeci.eu/certified-centres/,City/region added pragmatically; detailed profile fields not collected in this quick enrichment pass.
Sweden,Uppsala University Hospital,Uppsala,Comprehensive Cancer Centre,Cancer centre/programme within hospital or academic medical centre,"Comprehensive multidisciplinary cancer care, research and education",,,,,,,,no,,https://accreditation.oeci.eu/certified-centres/,City/region added pragmatically; detailed profile fields not collected in this quick enrichment pass.
Sweden,Sahlgrenska University Hospital,Gothenburg,Comprehensive Cancer Centre,Cancer centre/programme within hospital or academic medical centre,"Comprehensive multidisciplinary cancer care, research and education",,,,,,,,no,,https://accreditation.oeci.eu/certified-centres/,City/region added pragmatically; detailed profile fields not collected in this quick enrichment pass.
Sweden,Skåne University Hospital Cancer Centre,Lund / Malmö,Comprehensive Cancer Centre,Cancer centre/programme within hospital or academic medical centre,"Comprehensive multidisciplinary cancer care, research and education",,,,,,,,no,,https://accreditation.oeci.eu/certified-centres/,City/region added pragmatically; detailed profile fields not collected in this quick enrichment pass.
Sweden,Karolinska Institute and University Hospital,Stockholm,Comprehensive Cancer Centre,Cancer centre/programme within hospital or academic medical centre,"Comprehensive multidisciplinary cancer care, research and education",Full-spectrum cancer research/care; molecular mechanisms; DNA repair; cell therapy; phase I; genomics; proteomics,"SE-171 76, 171 76 Stockholm",https://ki.se/en/collaboration/healthcare-services/karolinska-comprehensive-cancer-centre,,,,~250 cancer research groups across the Karolinska research umbrella,yes,https://oeci.eu/Istitute.aspx?id=32,https://accreditation.oeci.eu/certified-centres/,Detailed fields taken from current OECI member profile; bed figures only included when explicitly stated.
